implementation,avg_runtime_ms,max_runtime_ms,avg_peak_memory_mb,max_peak_memory_mb,max_correctness_error
baseline,0.612460958341406,1.803124333340141,28.9375,85.125,0.0
dsl_baseline,0.7252036250046482,1.8021673333426709,28.9375,85.125,0.0
streaming,1.2564324305546708,5.653192999981608,17.088541666666668,40.625,0.0
tiled,1.237103097219953,5.544240333316945,19.567708333333332,55.625,0.0
