seq_len,baseline,"streaming, tile=128","tiled, tile=128",tiled_memory_reduction_percent,streaming_memory_reduction_percent,tiled_reduction_factor,streaming_reduction_factor
128,9.25,9.75,9.75,-5.405405405405405,-5.405405405405405,0.9487179487179487,0.9487179487179487
256,11.75,11.25,12.0,-2.127659574468085,4.25531914893617,0.9791666666666666,1.0444444444444445
512,19.375,14.25,16.0,17.419354838709676,26.451612903225808,1.2109375,1.3596491228070176
1024,46.625,20.25,24.0,48.525469168900806,56.56836461126006,1.9427083333333333,2.302469135802469
